Category,Count,Proportion
Human,4,0.04878048780487805
Non-Human,78,0.9512195121951219
